insert into addresses_by(address) values
("Кальварийская Ул., д. 3, к. , кв. 35"),
("Короля Ул., д. 47, к. , кв. 2"),
("Дрозда Ул., д. 7, к. , кв. 25"),
("Свердлова Ул., д. 22, к. , кв. 51"),
("Немига Ул., д. 10, к. , кв. 28"),
("Гебелева Ул., д. 6, к. 2, кв. 16"),
("Шорная Ул., д. 18, к. , кв. 22"),
("Люксембург Ул., д. 80, к. , кв. 15"),
("Проездной Пер., д. 10, к. , кв. 1"),
("Коллекторная Ул., д. 32, к. , кв. 20"),
("Кальварийская Ул., д. 3, к. , кв. 35"),
("Кальварийская Ул., д. 4, к. , кв. 36"),
("Кальварийская Ул., д. 5, к. , кв. 21"),
("Кальварийская Ул., д. 6, к. , кв. 4"),
("Кальварийская Ул., д. 7, к. , кв. 5"),
("Кальварийская Ул., д. 8, к. , кв. 3"),
("Кальварийская Ул., д. 9, к. , кв. 77"),
("Мясникова Ул., д. 35, к. , кв. 43"),
("Кальварийская Ул., д. 9, к. , кв. 77"),
("Московская Ул., д. 2, к. А, кв. 2");

insert into addresses_rus(address) values
("Кальварийская Ул., д. 3, к. , кв. 35"),
("Короля Ул., д. 47, к. , кв. 2"),
("Дрозда Ул., д. 7, к. , кв. 25"),
("Свердлова Ул., д. 22, к. , кв. 51"),
("Немига Ул., д. 10, к. , кв. 28"),
("Гебелева Ул., д. 6, к. 2, кв. 16"),
("Шорная Ул., д. 18, к. , кв. 22"),
("Люксембург Ул., д. 80, к. , кв. 15"),
("Проездной Пер., д. 10, к. , кв. 1"),
("Коллекторная Ул., д. 32, к. , кв. 20"),
("Кальварийская Ул., д. 3, к. , кв. 35"),
("Кальварийская Ул., д. 4, к. , кв. 36"),
("Кальварийская Ул., д. 5, к. , кв. 21"),
("Кальварийская Ул., д. 6, к. , кв. 4"),
("Кальварийская Ул., д. 7, к. , кв. 5"),
("Кальварийская Ул., д. 8, к. , кв. 3"),
("Кальварийская Ул., д. 9, к. , кв. 77"),
("Мясникова Ул., д. 35, к. , кв. 43"),
("Кальварийская Ул., д. 9, к. , кв. 77"),
("Московская Ул., д. 2, к. А, кв. 2");

insert into addresses_usa(address) values
("701 North Miller Street Stuart"),
("9138 Lyme Ave. Pensacola"),
("575 Cleveland St. Lake Jackson"),
("8994 E. Jackson Rd. Biloxi"),
("553 West Coffee St. Seattle"),
("652 Peninsula Drive Astoria"),
("545 North Manhattan Lane Patchogue"),
("9504 West Albany Ave. Waxhaw"),
("8330 Windfall Lane Marlborough"),
("9009 Oak Valley Ave. Pomona"),
("623 W. Wrangler Ave. Rolling Meadows"),
("9719 Tunnel Drive Westmont"),
("702 Rock Creek Ave. Sidney"),
("719 West Courtland St. Oswego"),
("91 Smith Store St. Kernersville"),
("91 Smith Store St. Kernersville"),
("9870 San Pablo Ave. Goodlettsville"),
("3 Talbot St. Tacoma"),
("1221 Windfall Lane Marlborough"),
("10 W. Halifax Ave. Lake In The Hills");

insert into cities_usa("city", "index") values
("FL", 34997),
("TX", 77566),
("WA", 98144),
("NY", 11772),
("MA", 01752),
("IL", 60008),
("OH", 45365),
("NC", 27284),
("TN", 37072),
("IL", 60008),
("FL", 32503),
("MS", 39532),
("NY", 11102),
("NC", 28173),
("CA", 91768),
("IL", 60559),
("NY", 13126),
("IL", 60187),
("WA", 98444),
("MA", 01767);

insert into cities_by("city", "index") values
("Гродно", 230000),
("Минск", 220000),
("Могилев", 212000),
("Берестовица", 231770),
("Минский район", 223010),
("Белыничи", 213160),
("Волковыск", 231900),
("Березино", 223310),
("Бобруйск", 213800),
("Вороново", 231370),
("Борисов", 222120),
("Быхов", 213320),
("Дятлово", 231460),
("Вилейка", 213860),
("Глуск", 213860),
("Зельва", 231930),
("Воложин", 222340),
("Горки", 213410),
("Ивье", 231330),
("Дзержинск", 222720);

insert into cities_rus("city", "index") values
("Александровск", 662072),
("Антоновск", 413534),
("Бутово", 117623),
("Восточный", 105173),
("Главмосстроя", 123308),
("Грибки", 127204),
("Белыничи", 142002),
("Загорье", 115598),
("Немчинск", 143026),
("Милицк", 142002),
("Воронов", 143026),
("Ухтомск", 111402),
("Новосельск", 413513),
("Инкерман", 299703),
("Белогорск", 297600),
("Киров", 297345),
("Краснозаводск", 662081),
("Большекосульск", 662071),
("Кушумск", 413514),
("Марьевск", 413531);

insert into phones_by(phone) values
("+375296949195"),
("+375293346717"),
("+375293943818"),
("+375291239617"),
("+375444349175"),
("+375299436711"),
("+375442943244"),
("+375442234453"),
("+375291743244"),
("+375442234453"),
("+375293279195"),
("+375297726717"),
("+375295563818"),
("+375293699617"),
("+375441819175"),
("+375293736791"),
("+375442543257"),
("+375442214453"),
("+375291943244"),
("+375441235453"),
("+375291168453");

insert into phones_rus(phone) values
("+8800551234"),
("+8209551234"),
("+8123943818"),
("+4951239617"),
("+9224349175"),
("+3529436711"),
("+4992943244"),
("+8162234453"),
("+8001743244"),
("+8112234453"),
("+8123279195"),
("+4877726717"),
("+7805563818"),
("+4003699617"),
("+8471819175"),
("+3503736791"),
("+4512543257"),
("+3492214453"),
("+8101943244"),
("+3551235453"),
("+8161168453");

insert into phones_usa(phone) values
("+78101775489412"),
("+12877427577612"),
("+81012121234567"),
("+71012221234567"),
("+7495123456722"),
("+82013121214567"),
("+78101775489412"),
("+12897427577617"),
("+81012121234567"),
("+71015521234599"),
("+74951234567253"),
("+82013121266567"),
("+78101775489412"),
("+12877427574425"),
("+81012921234597"),
("+71012614534561"),
("+75153234567223"),
("+84013671214567"),
("+73441775489412"),
("+12344427577612"),
("+81157121234544");

insert into names_by(name) values
("Семенова Н. Ф."),
("Тихонович Я. П."),
("Тенюта П. В."),
("Рудый А. Г."),
("Лесик Н. Н."),
("Мартысюк А. П."),
("Краснова Л. В."),
("Савченко Е. Л."),
("Зайцева И. И."),
("Садовская Е. А."),
("Реуцкая А. В."),
("Горунович В. С."),
("Колесникова Т. В."),
("Крижижевский Р. М."),
("Смирнов Г. Ф."),
("Змеевский А. Л."),
("Подрезова Н. П."),
("Стадуб Т. Е."),
("Жуковская С. М."),
("Вознещук В. Б."),
("Ивановская Н. Г."),
("Козел И. Н."),
("Богданович Ю. И."),
("Шкатуло А. С."),
("Забавский В. В."),
("Вильчинская Е. О."),
("Филиппов А. П."),
("Третьяков А. Г."),
("Борисов А. И."),
("Ибрева С. Е."),
("Андросик В. А."),
("Лукашевич В. А.");

insert into names_rus(name) values
("Семенова Н. Ф."),
("Тихонович Я. П."),
("Тенюта П. В."),
("Рудый А. Г."),
("Лесик Н. Н."),
("Мартысюк А. П."),
("Краснова Л. В."),
("Савченко Е. Л."),
("Зайцева И. И."),
("Садовская Е. А."),
("Реуцкая А. В."),
("Горунович В. С."),
("Колесникова Т. В."),
("Крижижевский Р. М."),
("Смирнов Г. Ф."),
("Змеевский А. Л."),
("Подрезова Н. П."),
("Стадуб Т. Е."),
("Жуковская С. М."),
("Вознещук В. Б."),
("Ивановская Н. Г."),
("Козел И. Н."),
("Богданович Ю. И."),
("Шкатуло А. С."),
("Забавский В. В."),
("Вильчинская Е. О."),
("Филиппов А. П."),
("Третьяков А. Г."),
("Борисов А. И."),
("Ибрева С. Е."),
("Андросик В. А."),
("Лукашевич В. А.");

insert into names_usa(name) values
("Michael Matthew Walker"),
("Matthew Darren Jacobs"),
("Joseph Joshua Hutchinson"),
("Sydney Kelly Lewis"),
("Steven John Wiggins"),
("Jacob Samuel Garrison"),
("Oliver Charles Hunter"),
("Amos Paul Price"),
("Peter Johnathan Marcus"),
("Williams Aron Sutton"),
("Johnathan John Patterson"),
("John Abel Brown"),
("Mark Brandon Blair"),
("William Oliver Thornton"),
("Brian  Vernon Wilkerson"),
("Noreen Anabel Welch"),
("Berenice Dorcas Gallagher"),
("Delilah Alexia Benson"),
("Mary Lucinda Rogers"),
("Emily Dorothy Blankenship"),
("Madison Grace Flowers"),
("Marjorie Morgan Parsons"),
("Kristina Olivia French"),
("Gloria Rosemary Blanship"),
("Kory Anissa Maxwell"),
("Donna Adela Harmon"),
("Katherine Carol Davidson"),
("Gwen Abigail Bridges"),
("Winifred Deirdre Armstrong"),
("Alexandrina Grace Simon"),
("Maud Emily Hamilton"),
("Regina Jean Bradford");